hour,data_transfer_mb,remote_access,privilege_usage,label
12,99.35377507986414,0,1,0
12,83.25216926889438,0,0,0
9,22.20524745890213,0,2,0
9,77.86622825524708,0,1,0
16,81.87184197150066,0,2,0
9,68.74376357470206,0,2,0
11,91.98081932149682,0,1,0
11,93.29673757601354,0,1,0
13,17.971570094301967,0,0,0
9,17.88653657500622,0,0,0
16,37.953318773893436,0,2,0
14,89.26115786732002,0,2,0
16,46.4272059427082,0,2,0
17,85.58601620032587,0,0,0
14,64.22247174359927,0,0,0
17,52.23796154415504,0,1,0
9,14.527142663421518,0,1,0
11,40.37045055439641,0,0,0
17,69.22094979526616,0,2,0
14,40.13371656849948,0,1,0
16,33.19667348788653,0,0,0
13,21.734977928683357,0,2,0
11,43.94832736880166,0,2,0
17,60.06612058258546,0,0,0
15,74.42591561872634,0,0,0
16,88.45330668886314,0,2,0
15,80.05322195265224,0,0,0
17,26.855167573439214,0,0,0
16,50.341581584568196,0,2,0
12,80.44262975247467,0,1,0
14,18.631460451838027,0,2,0
17,45.22333853934836,0,1,0
17,77.99198611745254,0,2,0
16,45.582236518936476,0,0,0
15,95.41005234881807,0,0,0
17,81.57603577147722,0,1,0
11,72.65868836151589,0,0,0
16,72.80308363841317,0,0,0
15,19.439883638090606,0,2,0
15,49.97039817144377,0,0,0
15,71.80536065392877,0,2,0
10,10.923371313327207,0,1,0
10,68.3360024803507,0,0,0
13,92.57095789464992,0,0,0
11,54.88644308677685,0,1,0
9,80.50181588170221,0,2,0
13,26.145359141610253,0,0,0
9,96.13314807504929,0,2,0
15,29.683113513564958,0,0,0
17,58.54237647024328,0,0,0
15,99.24014272614184,0,0,0
14,94.02350944584369,0,1,0
16,97.63415103570678,0,2,0
14,97.53773308535895,0,1,0
16,50.07980573211172,0,0,0
14,64.13301592543054,0,1,0
15,40.21555565379715,0,1,0
10,97.48536955436312,0,2,0
15,24.22411113832973,0,1,0
14,25.87676078602521,0,0,0
13,44.03853401260778,0,2,0
17,42.27650515526162,0,0,0
12,60.15750211134833,0,0,0
12,56.49611069161729,0,0,0
10,90.1947521212618,0,2,0
12,27.72308554891627,0,1,0
10,26.39998016170336,0,2,0
14,14.332379600210608,0,2,0
16,52.5881242979526,0,2,0
11,93.10180474252445,0,2,0
11,14.352541575668155,0,0,0
15,54.57585893382394,0,2,0
16,29.490201867897273,0,0,0
16,68.91527818409443,0,2,0
13,16.323553591999556,0,0,0
15,73.04263684580559,0,2,0
10,18.18060176126121,0,2,0
10,43.530389215849574,0,2,0
13,62.62231745448202,0,0,0
13,55.44150267249595,0,2,0
12,11.591500851846968,0,0,0
11,69.43630245333932,0,0,0
16,84.9021923352448,0,1,0
11,67.97121224397819,0,1,0
17,58.53840064797858,0,1,0
14,19.158786911297817,0,0,0
16,85.10127480848698,0,1,0
17,90.79311482552826,0,2,0
16,23.345164276317256,0,2,0
14,48.72263465593121,0,1,0
10,51.13813452840545,0,0,0
13,55.005465283568775,0,0,0
13,68.97244720300492,0,1,0
11,64.26737516480486,0,0,0
14,32.95601177119129,0,0,0
9,54.12665629920439,0,1,0
10,17.67714837051507,0,1,0
16,96.9665359923115,0,1,0
11,60.461582430546784,0,2,0
10,74.08263589242738,0,1,0
15,80.65810305750601,0,0,0
17,54.970405208052526,0,2,0
16,88.0724915176993,0,2,0
13,43.71458102307292,0,0,0
12,70.90857752581178,0,1,0
17,52.835583849042166,0,0,0
10,17.38257857830888,0,1,0
10,72.40372299299096,0,2,0
17,68.81242254880021,0,1,0
12,58.008267151009335,0,0,0
16,75.35918672576004,0,2,0
10,49.32372995686898,0,0,0
9,90.00206500596069,0,2,0
12,38.8600695417811,0,1,0
12,23.92513403598167,0,2,0
13,37.29752112993036,0,2,0
17,44.39089890425234,0,1,0
12,70.02654271560925,0,2,0
17,15.99388558293139,0,1,0
14,76.93509427013156,0,2,0
11,70.99190831542097,0,0,0
11,46.80113036961106,0,0,0
15,95.30041741910071,0,2,0
12,83.23321025863025,0,2,0
15,52.172299235295014,0,2,0
12,57.878926925026754,0,1,0
9,29.62187332689993,0,2,0
9,12.627156778916202,0,0,0
12,15.08153042215794,0,2,0
10,17.358349473930566,0,2,0
13,63.13054441898,0,0,0
13,12.025624685259928,0,2,0
11,62.64442795129902,0,0,0
9,24.404905413176422,0,1,0
12,11.931380253995322,0,0,0
10,60.3467439458493,0,1,0
16,23.917270306063198,0,0,0
16,43.49841663662306,0,2,0
16,90.44523008187141,0,2,0
17,99.25372015688956,0,0,0
11,98.56313938827684,0,0,0
17,90.40377787503354,0,0,0
12,52.88916764275803,0,1,0
12,52.722505451630624,0,2,0
15,38.44375042311118,0,1,0
14,27.723967486939642,0,0,0
9,49.946782531617906,0,0,0
17,54.649621532626604,0,2,0
14,86.55273016363269,0,1,0
10,12.030992975164242,0,2,0
17,12.86006021545738,0,2,0
9,19.814081429894042,0,2,0
11,44.12099931229826,0,2,0
16,32.142419281086205,0,1,0
13,99.41863772890096,0,2,0
14,54.24314021279731,0,0,0
13,17.29982282525919,0,2,0
12,47.80273076975121,0,0,0
16,85.21965887203835,0,1,0
9,85.27130239334339,0,2,0
13,61.231996256708996,0,0,0
17,74.69760311653476,0,1,0
11,48.709513823057954,0,0,0
14,77.04502281381384,0,0,0
14,79.19936184088071,0,2,0
9,73.439954710293,0,0,0
13,17.07724497341127,0,1,0
12,43.619192205109506,0,2,0
17,81.71947728800271,0,0,0
10,52.90272371505509,0,0,0
17,77.7925489347387,0,2,0
10,83.37743161219119,0,2,0
14,68.5611229903115,0,2,0
10,23.7556727283392,0,2,0
11,20.62273537640695,0,2,0
14,80.96144794897937,0,2,0
11,18.976483497738876,0,2,0
11,79.68276336668367,0,0,0
13,45.59065069245173,0,1,0
13,97.40856837507869,0,0,0
11,60.26293614256048,0,2,0
12,18.17968282339564,0,1,0
9,66.54788832659361,0,1,0
17,20.360297495872032,0,2,0
13,53.874969903275485,0,2,0
13,94.74932029159936,0,2,0
9,91.99959115987504,0,1,0
10,15.586590152534056,0,1,0
9,26.990608308892213,0,1,0
14,16.134124458860185,0,2,0
13,79.60706169344918,0,2,0
9,36.351391881050844,0,1,0
12,50.63460803458676,0,2,0
17,94.45188206983106,0,1,0
17,47.766273767877045,0,0,0
14,66.73058927562504,0,1,0
16,20.000290699779285,0,1,0
14,24.639895606050082,0,0,0
15,68.77457596190702,0,2,0
9,73.992528674444,0,1,0
9,54.087475299474704,0,0,0
17,47.59606659317198,0,1,0
13,57.972228173517145,0,1,0
11,39.26926012160702,0,0,0
11,34.89168205230769,0,0,0
17,72.80229547318513,0,1,0
15,71.89849830155791,0,0,0
17,27.692833760057642,0,1,0
15,22.04140082687325,0,0,0
14,70.61547788143734,0,1,0
13,54.123264407015654,0,1,0
11,50.647369335650325,0,1,0
9,73.9231135268988,0,2,0
15,36.41451134880802,0,0,0
11,92.02336383472053,0,0,0
17,55.425233891162726,0,0,0
14,68.1485120159652,0,1,0
10,46.65720343038238,0,0,0
10,88.07935891710343,0,1,0
17,33.733022269778466,0,1,0
10,65.58810881677843,0,0,0
11,16.968067045529413,0,2,0
17,38.351395404732756,0,2,0
13,22.03145947262398,0,2,0
13,26.535296755500482,0,1,0
10,99.82876605740475,0,0,0
11,51.90744631629878,0,2,0
15,58.172320013977405,0,0,0
14,52.503335129757986,0,0,0
15,60.762245260377675,0,1,0
17,37.00597370339388,0,1,0
9,10.889967243762653,0,0,0
15,44.21209516674254,0,1,0
17,97.63132082902179,0,2,0
14,56.7644445007563,0,0,0
10,94.14686677016606,0,1,0
16,86.82206051421767,0,1,0
10,17.64237636202568,0,0,0
15,64.82899920303075,0,0,0
15,31.51988573281417,0,1,0
9,77.12108994245034,0,1,0
16,27.230971703145855,0,0,0
10,45.72969952501001,0,2,0
16,15.149655405478258,0,2,0
15,45.973494834907946,0,2,0
15,88.62168456072331,0,0,0
15,74.44656969623883,0,1,0
12,80.78442720391045,0,1,0
17,96.6006075367323,0,0,0
16,90.35001371413331,0,0,0
14,56.490507115787395,0,2,0
9,91.46952147983036,0,2,0
11,72.6359597797323,0,0,0
12,20.94235770107477,0,1,0
14,32.70396055560214,0,2,0
17,85.7371892137715,0,0,0
14,27.825208827852418,0,0,0
16,38.0163100505695,0,2,0
13,72.40777101712207,0,1,0
16,79.54590310738024,0,2,0
12,38.77778631279385,0,1,0
10,44.08705738541479,0,2,0
15,54.88961784298178,0,2,0
9,62.30081371990571,0,2,0
10,64.21932764896005,0,2,0
9,71.57308503608068,0,2,0
16,44.237582965971846,0,2,0
14,73.73129990713255,0,1,0
13,15.618641447930127,0,1,0
12,85.8243535148159,0,2,0
14,68.46399667981764,0,1,0
15,66.90278288658527,0,2,0
15,54.29578448434088,0,2,0
17,50.58586318568635,0,0,0
16,78.57384567414361,0,1,0
16,13.658728926534655,0,2,0
11,82.11412682866266,0,1,0
16,61.74105933265983,0,1,0
16,33.389644715886135,0,1,0
16,63.116868079265686,0,1,0
15,21.99008503980196,0,1,0
9,42.122917218525316,0,2,0
11,99.47871259729773,0,2,0
11,23.959765196410665,0,1,0
17,44.85190167140589,0,1,0
15,33.25040100776615,0,2,0
14,55.12705523386285,0,2,0
11,56.161690169385054,0,1,0
9,41.21979751769099,0,1,0
11,57.02161621892143,0,0,0
13,34.35107043391494,0,1,0
13,83.36945852251704,0,1,0
10,74.95232835164505,0,1,0
9,85.96542999375053,0,2,0
11,19.178024939310404,0,1,0
10,26.0419711558035,0,1,0
9,14.398932550972518,0,2,0
11,20.13051712749706,0,2,0
13,84.71339457566394,0,2,0
11,93.73266647088548,0,0,0
9,26.310076359732484,0,1,0
15,31.752696937665853,0,0,0
15,78.24342606862065,0,0,0
17,43.56689039214714,0,1,0
10,28.420158225756637,0,2,0
10,58.6626654050408,0,2,0
14,68.41565633304151,0,0,0
9,40.85586640869647,0,0,0
14,78.15016635020069,0,2,0
17,87.27712817119556,0,2,0
11,76.81186268222555,0,0,0
17,92.22690624745796,0,0,0
13,71.69872671006766,0,2,0
11,66.71682398525226,0,2,0
14,82.31492616967039,0,1,0
15,96.62068232219296,0,0,0
15,56.359752493446344,0,0,0
17,98.86354276260191,0,2,0
9,80.21125994250697,0,0,0
13,67.51690602172572,0,2,0
10,30.216073154806978,0,2,0
12,23.22328472125469,0,2,0
16,51.55579660516034,0,2,0
16,25.54462165300047,0,1,0
9,46.68085665296727,0,0,0
17,55.78254320995428,0,2,0
11,44.10574441945182,0,1,0
15,29.84681289357488,0,2,0
16,18.137429951772816,0,2,0
11,20.25269128551931,0,2,0
12,82.9268962987345,0,2,0
13,42.27165003079067,0,0,0
12,38.97711423306724,0,0,0
14,25.717230852563056,0,0,0
10,88.82245041488338,0,2,0
9,75.10346387004132,0,2,0
15,22.285823866875965,0,0,0
12,79.19390950403276,0,0,0
12,28.60388400148926,0,2,0
13,28.645691890526226,0,2,0
10,98.22718771321009,0,2,0
11,15.981500807091011,0,0,0
15,28.04792913129062,0,2,0
13,35.5748674671692,0,1,0
14,10.51000304508184,0,0,0
15,77.82351135635848,0,1,0
17,88.33649075863434,0,2,0
15,51.354897239370146,0,1,0
11,43.76809968757468,0,2,0
14,88.09918039253493,0,1,0
11,88.71812286561155,0,0,0
10,79.75623019664268,0,0,0
13,48.45235828473751,0,1,0
9,92.7862273056441,0,0,0
10,84.00005228349613,0,1,0
15,14.761310254541343,0,2,0
11,44.594660424990536,0,2,0
9,42.323390140882914,0,1,0
15,52.340456758873124,0,2,0
10,59.45311949346299,0,1,0
10,22.127570406759656,0,0,0
16,40.06232958375696,0,0,0
13,28.137733077703444,0,0,0
13,20.29279544178414,0,1,0
13,46.04743147391694,0,2,0
14,13.99806916987553,0,1,0
9,14.536250517349005,0,0,0
9,94.36506816694262,0,0,0
17,93.0084846594735,0,0,0
12,64.63005680908006,0,2,0
15,17.759403334179346,0,2,0
14,54.014565870370845,0,2,0
15,94.73806590660246,0,1,0
9,43.91475921050278,0,2,0
11,61.23301056816197,0,1,0
15,39.59246992476216,0,1,0
9,81.22751595455247,0,2,0
14,52.35141866739793,0,1,0
13,33.53404731067094,0,0,0
11,50.365230529120964,0,0,0
17,92.19241209960819,0,1,0
17,17.36486118631727,0,0,0
15,19.066208300212452,0,1,0
15,74.76821185061615,0,1,0
16,56.2608669864784,0,2,0
17,64.41383645829166,0,0,0
16,99.82876861457017,0,2,0
11,48.9001718402085,0,0,0
13,43.16950235409146,0,2,0
13,14.778020754060117,0,0,0
11,26.224485352546996,0,2,0
11,61.76619509924438,0,0,0
15,19.593478157693255,0,0,0
11,61.50936942004932,0,0,0
14,28.095070659252148,0,1,0
13,21.45952408876121,0,2,0
13,56.984805210266714,0,2,0
14,58.88677829891326,0,2,0
9,74.37416923420093,0,2,0
17,32.4280671186367,0,2,0
12,50.47740543061971,0,0,0
13,84.63713240080412,0,0,0
11,25.091781395963068,0,2,0
16,97.86166173493217,0,0,0
12,20.88690557008899,0,1,0
9,71.7965834538206,0,1,0
14,52.92029821448021,0,1,0
13,70.83952119250867,0,0,0
14,49.34434080150444,0,2,0
15,56.40823760458183,0,1,0
10,98.66078988493547,0,0,0
14,38.98135757069542,0,2,0
11,83.58350966322193,0,1,0
9,68.02032540894317,0,1,0
9,79.28555801522066,0,0,0
14,27.489148656422667,0,1,0
12,69.55578770276098,0,1,0
10,93.75071556453895,0,1,0
9,67.04752270729854,0,0,0
10,80.08832104863262,0,0,0
17,78.21190564301774,0,0,0
15,10.074066124181275,0,0,0
9,14.698992186448942,0,0,0
12,70.61291544331914,0,0,0
11,22.139495689065463,0,2,0
12,93.25432497499466,0,2,0
16,62.64023440706555,0,0,0
15,45.67270369779181,0,2,0
13,12.070763145470979,0,1,0
12,60.59441176580016,0,1,0
14,97.74862547352087,0,0,0
15,93.09859401100265,0,0,0
14,69.66563238477393,0,0,0
9,32.43744994594497,0,1,0
13,31.827427768564217,0,0,0
14,51.862518196856044,0,2,0
12,73.9039659194963,0,0,0
15,69.79296588012278,0,2,0
9,83.21053792887184,0,1,0
10,57.0913022459879,0,2,0
9,53.197920549839104,0,1,0
12,61.77232988245919,0,2,0
13,99.55560625724449,0,2,0
16,24.993511167604016,0,0,0
11,60.66991537864136,0,2,0
9,45.61054086583122,0,0,0
14,11.986048805236804,0,0,0
12,24.424384836113738,0,1,0
14,82.2584167444293,0,1,0
12,54.35641651324171,0,0,0
11,64.36399237871768,0,1,0
9,59.54184818011485,0,0,0
10,73.49229782108401,0,1,0
10,57.48794015254925,0,0,0
15,83.1832214365074,0,2,0
11,90.21925388909375,0,2,0
13,44.03895213660771,0,2,0
16,74.55852105987887,0,1,0
10,62.22315323571711,0,1,0
12,68.19161158372148,0,1,0
16,65.82968117167123,0,0,0
14,99.86496280851033,0,1,0
13,64.9300494992038,0,2,0
14,67.96046043480041,0,1,0
14,86.54730250985514,0,1,0
9,67.6579753612751,0,1,0
17,35.58174268398691,0,1,0
17,12.975841599287435,0,0,0
12,15.01127819960299,0,1,0
10,89.80910447231402,0,0,0
13,57.6377535137937,0,1,0
12,35.751793212853684,0,2,0
15,29.557388617610435,0,2,0
13,54.22579177054425,0,1,0
15,60.40659680149503,0,0,0
12,28.28956383895308,0,2,0
16,41.3780124132515,0,2,0
14,92.73894231424144,0,1,0
11,92.55692572639627,0,2,0
13,81.32102514298532,0,2,0
15,26.56256983066589,0,1,0
12,72.38026273438594,0,0,0
14,41.094089681084405,0,2,0
9,20.614752020076352,0,1,0
16,34.54714286702283,0,1,0
16,14.782718110116964,0,0,0
10,91.9120562547056,0,2,0
15,62.994299928854275,0,1,0
9,63.011708235781725,0,0,0
17,13.285765206254359,0,1,0
14,30.954620710719386,0,2,0
17,20.527234642968406,0,2,0
10,11.643861978570794,0,0,0
12,91.01103476890125,0,0,0
11,94.8219961057884,0,0,0
15,84.85547013869356,0,2,0
11,40.973440029255094,0,1,0
16,63.29281014649508,0,2,0
11,51.732613027627,0,0,0
12,61.54806724219667,0,1,0
17,72.92402500381208,0,1,0
13,15.009795110969666,0,1,0
13,51.05475977828247,0,0,0
12,99.14387025561537,0,2,0
16,14.470872228648794,0,0,0
15,31.4270480961086,0,2,0
12,41.9863200662831,0,0,0
13,93.00163661633698,0,2,0
9,89.92023983323007,0,2,0
16,75.20697361456057,0,2,0
16,90.30035813628419,0,2,0
12,54.824652651265566,0,2,0
13,58.95909122780654,0,0,0
9,82.65465123369228,0,0,0
10,79.90992962563017,0,0,0
10,93.09497607486584,0,0,0
15,89.73804522080984,0,2,0
15,20.403037249280068,0,1,0
10,49.570608398276846,0,2,0
16,26.37470061066298,0,0,0
9,67.57510673713114,0,0,0
14,36.56019858782933,0,1,0
13,80.60658300000279,0,0,0
13,85.34111540593081,0,2,0
9,66.56732847298488,0,0,0
11,11.725320668501562,0,1,0
9,92.51486883628975,0,1,0
16,45.337020394172356,0,0,0
9,87.67603242537938,0,0,0
11,63.822106646670036,0,0,0
15,87.38152431764857,0,1,0
15,46.42784233689842,0,1,0
13,51.92239073391954,0,0,0
9,54.08000499995069,0,2,0
9,70.51460753662163,0,0,0
9,21.818144527990242,0,1,0
14,88.38476836720722,0,0,0
16,57.21514774619893,0,0,0
14,27.5177223190251,0,0,0
11,71.55485503914167,0,1,0
13,46.4694613309242,0,2,0
15,31.574520462235718,0,2,0
11,19.758004236074978,0,2,0
15,49.10950865154151,0,2,0
15,86.48381619299387,0,0,0
16,10.562851041535668,0,1,0
16,35.931241711180675,0,2,0
10,28.6564610532284,0,1,0
14,15.137768544019385,0,0,0
10,69.41203600790203,0,2,0
9,85.18889986111068,0,1,0
17,21.540038633972543,0,2,0
12,65.47155986632458,0,2,0
11,95.20642714981024,0,1,0
12,65.30878740902932,0,0,0
9,81.91918760082643,0,2,0
16,51.64285056804067,0,0,0
12,53.094800085918344,0,2,0
15,30.297083369945454,0,0,0
13,59.67274632477379,0,1,0
9,30.740988293592665,0,0,0
9,77.26995652247642,0,2,0
15,42.74015538237809,0,2,0
10,11.448590017865758,0,0,0
14,73.99566431423267,0,2,0
12,15.809171616587218,0,1,0
12,70.30526534858559,0,2,0
13,75.18515137384593,0,1,0
10,19.385941234082836,0,1,0
10,47.687383671350986,0,2,0
15,87.28827983717942,0,1,0
17,67.13687749519698,0,1,0
17,30.760800225865772,0,0,0
12,57.59984942885611,0,1,0
15,47.002909049132214,0,0,0
15,47.659903590642166,0,2,0
16,25.897885341222523,0,2,0
12,31.386575855771255,0,2,0
16,97.25884883236485,0,1,0
11,92.46262494596533,0,2,0
13,14.288914222787277,0,1,0
17,69.22603918240739,0,0,0
15,89.60565222499129,0,1,0
11,46.71836125265913,0,2,0
15,28.961196236617102,0,0,0
12,27.570630523199917,0,1,0
17,31.92516033591027,0,0,0
15,74.04074960585704,0,0,0
9,23.653195178235677,0,0,0
16,97.76774386260216,0,2,0
16,94.22708496265281,0,1,0
12,92.95910728713476,0,1,0
15,60.53756800528835,0,2,0
9,98.07500857117483,0,2,0
16,99.41812789766175,0,1,0
17,53.56042823743697,0,1,0
9,63.85955559495068,0,0,0
17,16.221389885987033,0,1,0
16,18.455030658143897,0,2,0
10,72.30772251369503,0,1,0
15,25.955807600209916,0,2,0
15,35.1564036570363,0,1,0
12,35.118803201138604,0,1,0
16,43.41443161208386,0,2,0
12,11.800997077692312,0,0,0
17,70.9528138224374,0,0,0
11,24.774334997926804,0,1,0
9,80.58616058850251,0,2,0
15,20.998133887497566,0,0,0
17,96.88999330549065,0,2,0
9,24.13278676663017,0,0,0
14,27.89672636180085,0,1,0
12,73.70282660322323,0,0,0
13,58.08265648674326,0,0,0
12,76.87508473110626,0,0,0
16,27.70300310295792,0,2,0
16,25.7952275034597,0,1,0
14,42.70806002130961,0,2,0
15,20.097804546419795,0,1,0
11,74.2810540588766,0,1,0
15,38.276319239051794,0,2,0
13,75.9113081010182,0,0,0
16,41.05767702528201,0,0,0
11,51.2360049255982,0,1,0
10,67.01831197370011,0,1,0
13,91.9275066934178,0,0,0
13,43.69436937346892,0,2,0
12,23.88484402496372,0,1,0
11,28.590422014130535,0,1,0
15,50.83015162992917,0,1,0
15,35.5252877963819,0,0,0
10,31.500236216120808,0,1,0
11,25.74771142100758,0,2,0
9,52.851582729059174,0,1,0
9,15.29653645440567,0,2,0
16,59.25315730890933,0,1,0
9,19.87170972898857,0,0,0
14,12.630624082068756,0,2,0
13,76.70853171516674,0,0,0
14,17.602181501092836,0,0,0
11,57.160064052524355,0,2,0
10,97.15115839085465,0,1,0
14,12.040953537344588,0,0,0
16,44.96625764980916,0,2,0
9,27.86163065309588,0,1,0
13,11.53017375983795,0,0,0
12,80.04874273686283,0,1,0
10,95.91245603763512,0,2,0
12,89.29539296861834,0,2,0
9,93.55397263113174,0,2,0
15,80.23642849957334,0,2,0
10,76.307495919151,0,1,0
10,38.035252881905684,0,1,0
16,56.14056428661873,0,1,0
14,94.40661573335142,0,2,0
12,43.48857228013082,0,1,0
17,73.48702243088803,0,0,0
13,69.01168476130835,0,0,0
13,73.00760589375403,0,1,0
16,83.10154437909226,0,0,0
12,40.43309767629928,0,1,0
14,35.55149792697203,0,0,0
11,55.745410882876335,0,0,0
14,24.834158042553263,0,0,0
12,32.647961833723244,0,2,0
13,82.06419404938158,0,1,0
12,53.00387028247473,0,0,0
17,38.61574651417787,0,0,0
11,51.03209392038497,0,0,0
10,74.17168173958923,0,1,0
16,73.74143893479769,0,1,0
10,56.539489942007684,0,0,0
11,18.79159544144331,0,1,0
17,83.51790118546249,0,2,0
11,82.50492853344079,0,1,0
17,26.585878478925082,0,2,0
13,58.57970422330275,0,1,0
12,31.840805818081176,0,1,0
14,69.78026957314006,0,1,0
17,18.298423210715058,0,2,0
16,46.788671739487604,0,1,0
17,27.803033722764724,0,0,0
12,67.37517101894606,0,2,0
15,39.53268117165009,0,0,0
13,65.66989616553013,0,1,0
16,44.36338809213751,0,0,0
10,41.915681537669315,0,0,0
9,89.74252177310125,0,2,0
10,51.23137412564988,0,1,0
10,59.04139110610194,0,0,0
15,22.645765763139764,0,2,0
14,67.84407476745359,0,0,0
9,20.893150525961246,0,1,0
14,82.82050965154637,0,0,0
10,76.74165767160257,0,1,0
9,89.7742888415405,0,1,0
17,43.410219985154306,0,1,0
16,20.181537902495805,0,0,0
14,30.6064165774479,0,0,0
14,24.868320442726414,0,2,0
16,79.49908305527707,0,2,0
10,83.01132579167395,0,0,0
14,84.50628133449968,0,1,0
15,60.443501981761635,0,1,0
16,99.4997951837116,0,2,0
10,54.12341896643999,0,1,0
16,96.53151934989461,0,1,0
10,21.01804244388893,0,0,0
14,35.774094717628145,0,1,0
10,32.890126420892756,0,0,0
10,94.09496645794184,0,2,0
9,76.97228198096516,0,0,0
15,99.88214480344313,0,1,0
17,27.56002144189431,0,0,0
14,90.06422332553856,0,2,0
10,85.20050908006284,0,0,0
14,16.595770784638667,0,0,0
15,29.270504458650933,0,2,0
16,47.12385123192594,0,0,0
16,80.13684091559547,0,2,0
15,42.852440227649645,0,0,0
9,51.83609238102397,0,0,0
9,17.433397862920582,0,1,0
13,80.30863587974332,0,0,0
10,52.03582689898846,0,1,0
9,59.14170793077721,0,2,0
9,17.029606876273817,0,0,0
15,56.611438382890654,0,1,0
9,57.477362203358815,0,0,0
12,30.291249585547476,0,2,0
15,13.168228028167679,0,1,0
11,42.621174139196214,0,0,0
10,82.66218827376753,0,0,0
9,67.29826834042395,0,1,0
15,62.04017564700601,0,1,0
15,70.05940846803489,0,0,0
9,96.92769708868667,0,2,0
14,68.34341808792084,0,1,0
10,63.7730267860789,0,0,0
16,82.21258881279367,0,1,0
9,70.04338293319188,0,1,0
12,94.42143341301886,0,2,0
17,29.47956323974362,0,0,0
9,32.53538469870202,0,1,0
17,55.864372742201766,0,2,0
14,66.12207793432981,0,0,0
12,10.867228857597818,0,1,0
10,97.27665423590929,0,0,0
9,31.866355883425843,0,1,0
10,96.19809389020227,0,1,0
15,80.03453492713123,0,1,0
14,68.88904509843034,0,2,0
12,55.939758914711604,0,0,0
14,61.31999359863734,0,2,0
15,53.59414107596587,0,0,0
9,95.53690256655605,0,0,0
17,62.039457572704464,0,2,0
9,10.850979866320525,0,1,0
14,31.14464540017874,0,0,0
10,66.20169523117266,0,2,0
10,53.019871251487075,0,1,0
15,57.46430027702602,0,2,0
9,19.375411946506443,0,0,0
11,53.53148603220072,0,1,0
14,34.037255253111134,0,0,0
10,88.10476932641687,0,0,0
13,70.22828522222655,0,2,0
13,85.79946646862047,0,0,0
16,23.87774883981821,0,0,0
12,67.94597439925853,0,2,0
16,36.27957994435839,0,2,0
12,61.738523597201464,0,2,0
12,67.3550370122575,0,0,0
9,69.93643245075154,0,0,0
14,28.74967416520148,0,2,0
14,96.11459096705993,0,1,0
15,11.819198329300498,0,2,0
17,17.171975691732463,0,2,0
12,68.21409772078263,0,1,0
11,66.26580229716407,0,0,0
17,62.39340942015678,0,1,0
12,50.762183626681995,0,0,0
13,80.45587516106174,0,0,0
13,47.314179443286996,0,2,0
9,97.70637283289214,0,2,0
10,65.3510168675607,0,0,0
9,81.40669174188469,0,1,0
15,92.45316608901172,0,2,0
12,19.569400410221967,0,0,0
13,96.23337355733074,0,0,0
16,50.3586032493234,0,1,0
9,48.42321413403536,0,0,0
11,90.78324479606202,0,1,0
13,19.57497307878583,0,1,0
14,24.576357530141877,0,2,0
17,63.96159317441864,0,2,0
9,60.911895918756635,0,0,0
13,97.44625747873835,0,0,0
12,89.74753410657233,0,0,0
16,13.74937993358853,0,1,0
10,57.120502536096325,0,1,0
10,79.01001807882514,0,2,0
10,64.92353259248274,0,2,0
16,35.3918374260945,0,1,0
17,82.83696738516505,0,1,0
16,39.76623793417967,0,2,0
14,87.09783680498809,0,1,0
11,48.60642185783901,0,1,0
17,52.43204032165954,0,1,0
16,91.47765171380519,0,2,0
13,20.896456604002175,0,2,0
13,84.30661870135272,0,0,0
13,34.281823233243415,0,1,0
14,85.7862746245573,0,1,0
10,64.82250456002356,0,1,0
11,10.013770825503713,0,0,0
9,43.18536853942916,0,1,0
10,48.85859508582219,0,2,0
13,96.28156501282987,0,2,0
9,85.08214855159302,0,1,0
16,83.80624351369255,0,2,0
13,17.30077549036124,0,0,0
13,77.77533159215511,0,1,0
11,18.656428068123553,0,2,0
12,36.33611009356467,0,1,0
9,32.87940414293334,0,0,0
10,96.68932744285364,0,1,0
10,66.93127275349599,0,0,0
11,46.16574073171349,0,1,0
12,40.36399401220298,0,0,0
13,79.30511279502181,0,0,0
10,13.301866466284684,0,0,0
9,74.71434559791881,0,2,0
9,29.86792243419994,0,1,0
10,35.39388358812784,0,0,0
9,74.49659702971911,0,0,0
13,31.710029305164934,0,2,0
13,91.56156665441422,0,2,0
13,25.923250980857386,0,2,0
10,98.91661406201804,0,1,0
13,22.661805607934085,0,2,0
10,47.11671138768299,0,2,0
10,70.63510313322851,0,2,0
13,45.94163959005982,0,1,0
10,62.557726436191096,0,2,0
12,73.8624274056458,0,1,0
15,95.86258350560985,0,1,0
11,94.87255248814091,0,0,0
13,76.81379826601938,0,0,0
10,55.44754930639932,0,1,0
12,18.712115484848653,0,2,0
11,61.77828785733878,0,0,0
15,84.45452799431902,0,2,0
16,38.83204803212351,0,1,0
16,10.734361053915148,0,2,0
15,81.9785544940778,0,2,0
16,64.97060081839548,0,2,0
16,41.88011622752656,0,0,0
11,43.08849489805128,0,0,0
14,85.31271245915836,0,0,0
9,32.679457994093745,0,1,0
17,69.7684363267773,0,0,0
10,87.56002174214903,0,0,0
12,42.468382415135515,0,0,0
11,83.05726033071156,0,0,0
12,64.74535619721854,0,0,0
14,44.02272703951289,0,1,0
12,49.432574204636914,0,0,0
10,24.065530375385567,0,0,0
11,23.868685730766906,0,1,0
11,34.2661749675887,0,0,0
9,34.8239012069489,0,2,0
12,87.47537287613619,0,0,0
11,69.18678224120016,0,2,0
11,33.60116707386814,0,0,0
16,39.69479191342016,0,1,0
17,91.52464477843536,0,1,0
13,68.83544797027368,0,1,0
14,91.64590143061453,0,1,0
11,87.65940612037025,0,0,0
14,60.873699664824,0,2,0
12,92.62922846727773,0,2,0
17,99.91253518795897,0,1,0
10,16.686154870873043,0,1,0
16,46.677795066829326,0,1,0
15,17.793702563146176,0,1,0
10,60.8096151901178,0,0,0
10,26.370205084844606,0,2,0
9,51.37724988321627,0,1,0
9,90.86052357028599,0,1,0
11,26.062804592991352,0,1,0
12,89.63198374074307,0,2,0
14,21.83929520353199,0,0,0
11,94.51216280385918,0,2,0
10,56.059644792487504,0,1,0
13,96.41635772592292,0,1,0
14,29.852173178791187,0,0,0
11,50.70836582864862,0,1,0
13,93.27265491153791,0,0,0
12,41.92166684835414,0,2,0
10,59.7945168563458,0,2,0
13,58.42343636551963,0,1,0
17,90.65491815781549,0,2,0
15,91.69895587748545,0,2,0
16,71.0769060321958,0,1,0
16,26.38445291140802,0,2,0
12,41.38526152006071,0,1,0
15,59.886532717593376,0,0,0
15,48.66342515640715,0,1,0
12,73.29430205847521,0,0,0
14,82.27117905439039,0,0,0
15,27.07633350482075,0,1,0
12,12.726932574142992,0,0,0
17,57.270699046534745,0,0,0
17,92.02749915893294,0,0,0
16,31.530351640643975,0,2,0
10,64.93160133146763,0,1,0
17,46.57219616430694,0,2,0
10,22.234579249354383,0,0,0
11,78.75479065746799,0,2,0
17,97.42416228107832,0,2,0
9,47.86101432038452,0,1,0
13,63.334052848293965,0,1,0
14,16.66006461837167,0,2,0
10,34.044072962437596,0,0,0
11,66.23826974498036,0,2,0
13,96.85192823917372,0,1,0
10,80.20264696455975,0,0,0
11,12.129579580673422,0,1,0
13,48.2099501957908,0,1,0
13,66.74991719003671,0,0,0
12,54.05683468657666,0,2,0
16,80.81523752070048,0,2,0
13,43.49708876546173,0,2,0
10,91.05887619255743,0,0,0
9,39.94482850650455,0,2,0
15,51.14863886294452,0,1,0
15,31.52072341092411,0,2,0
17,20.384002252755423,0,0,0
17,79.48958883674423,0,0,0
15,45.77224608918516,0,1,0
17,62.36184714163055,0,2,0
17,20.731415428771193,0,1,0
16,15.124130622396715,0,0,0
13,40.04345955526295,0,0,0
10,79.57635809868103,0,0,0
12,21.736116338115366,0,1,0
17,89.65310520282961,0,2,0
12,20.456681474090622,0,0,0
16,45.76836240464946,0,1,0
15,55.80390242339453,0,0,0
10,13.764018403415559,0,2,0
17,84.73717734839244,0,0,0
14,57.49475035634287,0,0,0
14,66.99730379112751,0,1,0
10,72.9287046838093,0,0,0
13,58.196554013506294,0,1,0
17,72.61990746034473,0,1,0
16,87.94164665556605,0,0,0
13,89.62992225733343,0,0,0
13,85.57720351223693,0,1,0
9,22.830723787122608,0,1,0
15,47.15401984313311,0,2,0
12,69.02618146000808,0,0,0
10,83.05677198299091,0,0,0
11,56.2023991106312,0,0,0
14,48.981037695728325,0,0,0
12,81.2717283020475,0,2,0
12,23.184172983337334,0,2,0
11,85.48370764016711,0,2,0
12,10.650003272695976,0,2,0
17,56.70739243819841,0,2,0
17,86.1938195774381,0,0,0
12,20.24650879862272,0,2,0
15,49.10905468207099,0,1,0
15,89.72778442875764,0,1,0
12,34.02353216729122,0,1,0
16,29.666417187682487,0,1,0
12,30.299827809318113,0,2,0
12,97.28265875039062,0,0,0
12,75.77528606764477,0,2,0
10,54.81782741023519,0,0,0
12,53.10166373448995,0,2,0
14,53.99418720760661,0,2,0
12,33.84614014990178,0,1,0
10,91.07115626189754,0,1,0
15,65.8182154776555,0,2,0
14,66.14390062932435,0,2,0
17,27.504363909991046,0,1,0
17,93.7113227297828,0,0,0
13,87.14442111677047,0,2,0
13,62.74009027795613,0,0,0
10,52.869369682845964,0,2,0
10,17.9255641942202,0,1,0
11,98.8245659125415,0,1,0
9,23.007241682314472,0,2,0
12,10.035952274880739,0,0,0
15,93.80371945731088,0,1,0
12,74.82484732251235,0,1,0
9,93.80333960372349,0,2,0
9,35.992716818140764,0,1,0
13,88.86204899124577,0,1,0
16,37.23139829852785,0,1,0
13,71.07585524481169,0,0,0
10,34.919854054920265,0,0,0
13,95.34411627931269,0,1,0
9,97.65043164540614,0,0,0
17,49.49096228756682,0,0,0
9,88.82353396408244,0,0,0
11,61.00597166050719,0,0,0
15,29.337550482073105,0,0,0
13,22.04383898305492,0,2,0
17,16.179162019839815,0,1,0
16,59.58414260267249,0,1,0
9,49.628689612431316,0,1,0
9,58.59331260744271,0,1,0
13,16.762898728990752,0,1,0
14,68.80819514169772,0,2,0
13,60.237231609890294,0,0,0
13,73.25146138544068,0,0,0
16,31.821966933042912,0,1,0
15,30.607561716195285,0,2,0
10,76.33520973846247,0,0,0
17,81.59135978826262,0,1,0
9,58.78126770662968,0,1,0
17,13.916249489275573,0,2,0
15,42.6119334662492,0,2,0
9,98.25555872124028,0,1,0
14,39.4101151108421,0,2,0
17,32.93041526462084,0,2,0
11,43.99782192382479,0,0,0
17,58.4828771032088,0,2,0
11,45.42627306485423,0,2,0
12,23.48375139152445,0,2,0
13,30.798771271439097,0,2,0
15,96.56661738454189,0,2,0
15,82.73419350095259,0,1,0
11,37.25024364192616,0,0,0
10,31.750030364640015,0,1,0
9,35.30960965069326,0,2,0
9,20.898997927886867,0,1,0
15,49.06773904299796,0,2,0
14,65.119825973288,0,2,0
12,13.568459132694906,0,2,0
11,28.285655825041598,0,2,0
10,37.33336184461687,0,0,0
11,69.52114652999197,0,1,0
10,91.78219462651201,0,2,0
15,21.871627423513285,0,1,0
14,22.68193713000089,0,0,0
9,69.30972149701923,0,1,0
13,38.98990360102961,0,0,0
9,49.03417252593373,0,0,0
9,25.7032115720092,0,1,0
17,44.59556961317056,0,1,0
16,65.32634474886935,0,2,0
16,38.77609651593828,0,2,0
11,32.96988269439405,0,2,0
10,46.92431504192409,0,0,0
10,14.283370801372918,0,1,0
15,28.198372751743428,0,1,0
9,45.29621770999552,0,0,0
13,72.56591548549945,0,1,0
10,73.74924574021306,0,1,0
13,39.57320715450244,0,1,0
13,55.94299507069445,0,0,0
13,98.20757181957798,0,0,0
13,92.74654364152005,0,2,0
12,99.66161455441355,0,1,0
15,40.50516441099349,0,0,0
13,51.34637239661866,0,0,0
16,61.68924002868957,0,1,0
17,67.86443125152282,0,2,0
16,28.920649142582334,0,0,0
16,40.20628537767743,0,1,0
12,34.21916390001847,0,0,0
15,42.78948994252016,0,0,0
15,87.83034419597848,0,1,0
13,13.624229888204553,0,0,0
16,70.89304940640065,0,0,0
14,38.351965166686746,0,2,0
17,98.18775314892798,0,2,0
12,21.658494513624685,0,2,0
16,21.59351932252892,0,0,0
12,31.867645399010485,0,0,0
14,33.70757438389006,0,1,0
11,38.190936277983155,0,0,0
15,36.384470813136346,0,1,0
16,69.82401767307371,0,1,0
9,73.48005520738255,0,1,0
16,32.94363746911157,0,2,0
12,86.082511650448,0,1,0
13,32.19506856742649,0,0,0
10,96.29054223286906,0,0,0
11,46.05959194998625,0,2,0
10,94.33652130837365,0,1,0
14,53.379837889824685,0,1,0
9,70.54535641767501,0,1,0
15,87.27842910971455,0,1,0
13,74.51543481782727,0,2,0
12,16.161428061244074,0,2,0
14,93.07953636311284,0,2,0
14,99.55241221132975,0,0,0
11,79.5422242107638,0,0,0
12,17.03653380197501,0,2,0
9,18.694977080854358,0,0,0
11,48.148141188267154,0,2,0
11,88.52415082677588,0,1,0
9,89.6229678018623,0,0,0
13,20.082348041573006,0,1,0
9,43.731959523964775,0,1,0
14,53.89189501131898,0,2,0
10,42.662038459567626,0,1,0
10,36.13217538625473,0,1,0
13,25.56894954047236,0,0,0
16,84.47889691144893,0,1,0
17,55.55544900448398,0,2,0
11,54.00637412559303,0,1,0
13,62.00323425826006,0,0,0
12,90.84222132174679,0,0,0
15,27.251771250414837,0,0,0
16,56.05231946751711,0,1,0
17,92.52373577518276,0,1,0
13,59.17548618053662,0,1,0
13,96.59240594520293,0,2,0
15,78.36174760176736,0,1,0
12,20.971197923253737,0,2,0
16,17.928102615943132,0,1,0
15,94.11527013577145,0,2,0
10,17.00785652223223,0,0,0
16,25.03825984701733,0,2,0
13,58.114848804247345,0,1,0
13,95.2576788372923,0,0,0
12,71.01868972121423,0,1,0
17,69.47982860784934,0,0,0
16,99.25498229333016,0,1,0
16,60.20180475288885,0,1,0
11,56.293881355755005,0,1,0
10,11.650354950751918,0,0,0
13,47.33348483127276,0,2,0
14,61.12608398467057,0,0,0
17,57.05161913717731,0,2,0
11,38.653141447353576,0,2,0
15,18.673020380735196,0,0,0
13,59.03058792459993,0,0,0
14,30.991993427020542,0,1,0
17,64.77606705405452,0,2,0
11,50.398247294726794,0,2,0
16,65.93161796501548,0,0,0
10,29.889995865127883,0,1,0
14,64.14217991021654,0,2,0
17,31.949191367638154,0,1,0
16,47.027300689300496,0,2,0
10,15.677515935849534,0,1,0
17,54.1261915333775,0,0,0
14,52.71717356891426,0,0,0
12,64.92697391334588,0,0,0
10,39.528195326668765,0,0,0
17,72.59435933827795,0,1,0
12,46.62315493890523,0,2,0
10,16.558891170307554,0,2,0
16,12.052402354509324,0,1,0
13,10.453712455704903,0,2,0
16,80.60277064405548,0,2,0
12,92.96131469620799,0,2,0
11,72.38960134599117,0,0,0
17,94.33437402950356,0,0,0
17,44.58947479368423,0,1,0
17,39.20638133481664,0,0,0
12,57.27080420349405,0,2,0
10,86.65120993609015,0,2,0
10,75.4976724195417,0,1,0
9,90.4218020274176,0,2,0
12,82.53671724680574,0,1,0
10,38.18828337176084,0,0,0
16,19.947959693840822,0,2,0
10,59.426287148262745,0,2,0
11,18.375967713828523,0,2,0
9,21.225428918019276,0,1,0
16,91.99680331914261,0,1,0
10,25.396434790275716,0,0,0
17,42.40745593506661,0,1,0
15,70.04747119899635,0,2,0
14,58.569863466737374,0,1,0
11,15.069976962658597,0,0,0
14,73.35316745590667,0,0,0
9,82.67609118814673,0,2,0
17,72.89741585338106,0,2,0
10,62.01860102934,0,0,0
12,53.39322506565376,0,2,0
14,50.47287521040519,0,0,0
16,41.472017516093146,0,0,0
17,51.43655381933839,0,2,0
13,38.9754795280911,0,0,0
11,59.42142486836297,0,0,0
15,12.560068461288543,0,1,0
15,31.39701541074271,0,2,0
13,54.74771082591372,0,2,0
11,51.210604673285964,0,2,0
14,72.65427683519012,0,2,0
15,52.29357286865101,0,0,0
12,22.51363948546671,0,0,0
11,73.19069036452726,0,2,0
12,67.36048915945969,0,2,0
12,37.32947857675949,0,0,0
10,14.46067919491675,0,1,0
16,46.86569627669957,0,2,0
17,86.83335196254966,0,0,0
14,81.94371214048914,0,0,0
10,12.05021142342122,0,1,0
11,94.27120559693607,0,2,0
16,20.357331329059754,0,0,0
17,46.0703552883939,0,2,0
16,39.125859842461935,0,1,0
17,65.40565450487499,0,2,0
11,21.976498797033386,0,1,0
17,13.409765762560562,0,2,0
17,96.113842727284,0,1,0
14,15.520974202463272,0,0,0
10,23.246894872927726,0,2,0
10,10.96217951596665,0,0,0
14,28.678667436578937,0,2,0
9,45.0365232115031,0,1,0
17,10.258857513102937,0,2,0
14,48.33099011969627,0,2,0
14,69.61375174067192,0,1,0
15,82.61283718875364,0,0,0
11,11.047104001029084,0,2,0
11,30.97386196669336,0,0,0
16,71.23462942204736,0,2,0
11,77.67453594472025,0,0,0
13,74.34818515028066,0,1,0
12,98.33497708618575,0,0,0
16,55.742354997368686,0,1,0
15,74.96807021320765,0,1,0
17,62.47767865451182,0,2,0
13,99.03725496934894,0,2,0
15,43.95173188054103,0,2,0
15,77.89121510306386,0,0,0
9,70.77246148505752,0,1,0
17,23.211426216382513,0,1,0
17,59.11050925950182,0,2,0
10,70.76972915238049,0,0,0
15,20.464481431307387,0,0,0
15,30.259406038966905,0,1,0
13,51.47028215940627,0,0,0
14,21.3449174498066,0,1,0
15,69.50476199178595,0,0,0
12,88.82254599421508,0,0,0
12,95.45595981447372,0,0,0
16,86.80773267671886,0,2,0
10,99.67347503338569,0,1,0
9,90.6919874321706,0,2,0
10,17.473858654327188,0,1,0
10,18.91800883902519,0,1,0
10,65.78205532698851,0,1,0
11,51.62281445698911,0,0,0
12,40.99831015336933,0,2,0
10,64.93904572859897,0,0,0
13,27.5120647346101,0,0,0
12,95.01824037010783,0,0,0
15,15.856986591157316,0,2,0
15,73.89787717133541,0,1,0
16,96.50927190217801,0,2,0
13,46.23089170858573,0,2,0
14,23.230892636076845,0,1,0
15,70.25987867245172,0,0,0
17,74.45953269317594,0,1,0
11,81.08818714226474,0,1,0
11,67.98680302580476,0,0,0
11,41.718300227957464,0,0,0
10,65.32022707388663,0,2,0
17,36.5027509774081,0,0,0
16,78.12112715729825,0,0,0
15,73.82689649665909,0,1,0
9,92.55911248199797,0,2,0
16,59.92754462884308,0,2,0
14,98.75883784167301,0,2,0
12,48.56186525396375,0,0,0
15,40.36406774910269,0,1,0
14,31.242050834761052,0,2,0
14,36.513603673088326,0,2,0
12,10.819241198126711,0,1,0
13,36.7710473038677,0,1,0
9,97.33378736884829,0,1,0
12,43.86393971875888,0,1,0
11,90.69897046822254,0,2,0
9,59.18239279710272,0,2,0
17,42.61080215358636,0,0,0
16,25.9127386027824,0,2,0
13,46.92282084936183,0,2,0
14,81.36359468157286,0,2,0
16,45.48771307215607,0,0,0
10,37.97075404311143,0,1,0
15,12.939423883015948,0,2,0
14,52.24519405164028,0,0,0
10,30.321632908575772,0,1,0
12,15.85273474101205,0,2,0
10,72.9033362507837,0,2,0
13,26.966997327118886,0,1,0
16,67.16188664739306,0,0,0
17,23.18532642698387,0,1,0
10,41.00251340320745,0,0,0
16,38.21409617091122,0,1,0
14,40.362742862768215,0,2,0
15,94.4883994738937,0,0,0
9,64.96508641780255,0,0,0
11,35.437170593501676,0,2,0
12,11.822157451862385,0,0,0
14,97.0120896114076,0,2,0
15,21.196424191795046,0,2,0
15,76.26490713848324,0,0,0
11,39.662346364416116,0,1,0
11,95.93945371321682,0,0,0
16,84.65402647739717,0,0,0
9,14.27750730813801,0,2,0
9,69.9477168839909,0,0,0
16,44.21120656493518,0,1,0
13,31.04570741387205,0,1,0
15,40.20396527935722,0,0,0
17,19.394804111315445,0,1,0
13,51.67815707635617,0,1,0
10,70.05508075938991,0,2,0
12,73.48964702038562,0,1,0
11,57.89311975293912,0,0,0
10,85.67487376905669,0,1,0
9,23.689639647195023,0,2,0
13,54.84645003368046,0,0,0
11,58.88899000871962,0,0,0
15,50.058002563719754,0,1,0
17,39.03946494016654,0,0,0
12,67.48928532404376,0,1,0
13,29.797173229046983,0,0,0
15,38.90377461020704,0,0,0
11,68.80470272694848,0,2,0
12,74.77883197784837,0,1,0
16,15.771851177727328,0,0,0
12,10.39756192331715,0,1,0
17,49.672342995338155,0,0,0
10,45.839471946512674,0,1,0
12,88.87534701931912,0,0,0
11,98.99115556470115,0,0,0
14,81.94055105033407,0,2,0
10,72.70480323822147,0,0,0
9,12.766992536449454,0,0,0
17,24.383535672560548,0,1,0
10,42.47859077045459,0,1,0
17,38.049528114563046,0,2,0
14,70.77661369009084,0,0,0
15,54.63523430891091,0,2,0
10,37.46234516744208,0,0,0
9,96.36364588089955,0,0,0
15,60.168489437596484,0,0,0
9,58.66323007973631,0,2,0
14,52.323445167916226,0,0,0
15,55.248453061438035,0,0,0
15,78.74652799658881,0,0,0
17,50.119114701428416,0,1,0
11,28.739293933259443,0,2,0
10,36.01487478745619,0,2,0
10,19.263622310099272,0,2,0
17,11.076398989415722,0,2,0
10,22.594550346212145,0,0,0
12,85.44776046057103,0,1,0
9,62.619289572734274,0,0,0
13,72.19794741929027,0,0,0
12,17.339777618731986,0,1,0
12,84.38065871079688,0,2,0
14,32.641295825903256,0,2,0
14,11.591027319510975,0,1,0
12,54.50660680985955,0,2,0
13,29.545910677013204,0,2,0
16,33.84313399912105,0,0,0
14,99.83798333074645,0,0,0
13,52.31834792316711,0,2,0
11,85.38513240873775,0,0,0
9,64.22212730738255,0,2,0
16,71.3610547632346,0,2,0
12,29.153214511251438,0,1,0
13,86.25350703465936,0,0,0
9,69.70337399563996,0,1,0
11,75.87713629698338,0,1,0
15,82.9673126659458,0,1,0
13,52.29856661966075,0,2,0
10,88.80975109967075,0,0,0
13,30.207335976686057,0,2,0
10,85.8382088910743,0,0,0
10,52.524224098446886,0,1,0
16,73.14103064642873,0,1,0
14,70.31927889088429,0,2,0
10,66.45297875164806,0,2,0
17,42.45730265068969,0,1,0
12,83.43259603505483,0,0,0
13,77.55040421267196,0,0,0
9,95.06693463868277,0,0,0
15,56.192548606325154,0,1,0
10,34.36850035893531,0,1,0
11,94.71627556184136,0,0,0
9,89.56514440733605,0,2,0
14,11.006601025196677,0,2,0
17,29.574285348063952,0,2,0
15,92.59645812975425,0,2,0
11,11.599510178553118,0,1,0
17,72.35126661137444,0,1,0
9,78.29844193482776,0,0,0
17,17.068044473148227,0,0,0
14,26.448186781381533,0,2,0
12,86.60629979256075,0,1,0
17,84.12121315133203,0,0,0
13,64.09977460461347,0,2,0
10,22.498916836519754,0,1,0
9,10.917336692718179,0,2,0
12,36.25764778385279,0,1,0
14,23.297477550489575,0,2,0
14,86.91173594851185,0,0,0
11,55.01231620458056,0,1,0
11,77.9261868989553,0,1,0
9,33.356029433206146,0,2,0
17,97.72098322211272,0,1,0
15,70.47107188429086,0,0,0
12,37.25773036321395,0,1,0
11,69.85472149420215,0,2,0
12,14.776981033766576,0,1,0
15,64.53114757301289,0,1,0
14,77.15672699339147,0,2,0
12,26.528294235302017,0,0,0
16,79.36212628938424,0,1,0
10,60.52788167981279,0,1,0
12,55.86866822400382,0,2,0
17,67.44503693944974,0,2,0
13,93.3874251095239,0,1,0
10,64.95463657543985,0,2,0
14,23.57157441909043,0,0,0
17,71.42873126861565,0,2,0
10,94.16241894030796,0,1,0
12,70.01543167567877,0,0,0
11,63.895862413044924,0,1,0
15,68.86318090507251,0,2,0
17,92.49981012466374,0,1,0
12,38.86131568329235,0,2,0
12,63.47390967676981,0,1,0
15,31.45827114893528,0,1,0
15,46.08095772381961,0,1,0
16,72.58599514907218,0,1,0
11,85.85029430643215,0,0,0
9,70.21669562368174,0,0,0
15,49.128611646364455,0,0,0
16,16.066171006570286,0,2,0
15,78.3454383418077,0,2,0
13,77.44971759446894,0,1,0
11,92.13237469512221,0,2,0
11,98.48549939951802,0,0,0
10,63.4740866337382,0,2,0
15,91.43097803059545,0,0,0
13,81.12589118173533,0,1,0
12,37.19371092737382,0,2,0
11,14.564167220093257,0,1,0
13,84.33381177840053,0,0,0
9,56.99791495539909,0,2,0
17,73.80963142214983,0,0,0
16,76.17494927245579,0,2,0
15,37.10941104670784,0,1,0
13,90.26976392774068,0,0,0
11,97.05647738232666,0,0,0
15,55.29177441958844,0,1,0
17,75.50501017614299,0,1,0
10,40.21870712301525,0,1,0
15,33.484329524353804,0,2,0
17,82.78418217276963,0,0,0
14,10.690246793158483,0,0,0
14,45.050776642556286,0,0,0
9,26.875913087029836,0,1,0
13,39.03646990937759,0,1,0
12,54.83600569671831,0,1,0
16,91.00095018346661,0,0,0
14,94.7555524268536,0,1,0
10,78.92493136867046,0,2,0
10,97.23243270948039,0,1,0
9,28.970125385351427,0,0,0
15,91.56825920127437,0,1,0
12,38.33624349004991,0,2,0
10,23.31475522078588,0,0,0
14,52.66349164973749,0,0,0
17,88.73990805505966,0,1,0
14,70.21868527761418,0,2,0
14,45.8849285698023,0,2,0
17,43.98912421503286,0,1,0
15,83.05671093059922,0,0,0
15,29.038772348992744,0,0,0
9,28.470092819574045,0,1,0
11,57.677077266075976,0,2,0
15,10.029734538588155,0,1,0
9,27.66712355891871,0,1,0
14,55.8753315191863,0,0,0
11,52.535148678780345,0,2,0
15,34.357722671420476,0,1,0
11,22.70611166835667,0,2,0
15,71.8461797269076,0,1,0
17,83.8031629325785,0,1,0
9,89.71491681772022,0,1,0
15,59.33111218261377,0,0,0
13,84.9841006180885,0,2,0
13,39.13102292909751,0,0,0
10,22.33264025288866,0,1,0
15,88.24114970146161,0,0,0
10,21.054901647015924,0,2,0
17,96.36249103487305,0,1,0
11,46.88126117429735,0,1,0
11,24.395172227516138,0,2,0
17,44.32326682714143,0,0,0
9,70.75070569257576,0,0,0
16,49.625697841469076,0,0,0
16,89.60581954800394,0,0,0
9,12.44755658463951,0,2,0
10,10.752364221807355,0,1,0
16,86.60634041372573,0,2,0
12,41.292148712593566,0,0,0
12,77.54160297529165,0,0,0
10,51.68346339798772,0,1,0
11,40.2106332610541,0,2,0
9,14.514550743684612,0,2,0
13,65.66903426550437,0,1,0
9,59.207463821736184,0,1,0
9,32.39016502316319,0,2,0
10,84.84100441671191,0,0,0
10,56.09920246817127,0,2,0
12,96.24739309007376,0,2,0
10,68.2198566564328,0,0,0
15,46.194722983154065,0,0,0
13,78.51281346210942,0,2,0
12,22.640041685875936,0,2,0
14,60.30792875399129,0,1,0
10,25.980004225910484,0,2,0
9,99.5587536959253,0,1,0
9,54.847654203021264,0,2,0
14,32.681736747344814,0,2,0
15,65.40024774279934,0,2,0
15,72.96315708639148,0,2,0
14,26.81123302104411,0,1,0
9,53.56373486273471,0,2,0
13,98.94508587403577,0,2,0
14,71.61379147837657,0,2,0
9,61.94092253850648,0,0,0
16,87.03683712031942,0,0,0
14,34.9704563684822,0,0,0
17,98.03248091103971,0,1,0
13,23.329119704850513,0,2,0
11,26.25998588417581,0,0,0
16,29.781012347860997,0,0,0
9,52.95684618406085,0,1,0
13,99.86961596158774,0,2,0
10,36.79402405296945,0,1,0
10,48.846797745860684,0,0,0
10,91.57019264999128,0,2,0
13,53.5381585049848,0,1,0
10,47.19756862039835,0,0,0
12,36.99945797131495,0,0,0
15,72.80883150645906,0,1,0
17,52.03102875264453,0,0,0
9,57.37381760740912,0,2,0
16,41.329932114099,0,2,0
15,88.23736134255996,0,2,0
16,65.1080475883061,0,1,0
11,89.94322587203459,0,2,0
10,71.38803110545943,0,1,0
16,58.91993131695788,0,0,0
12,43.851883763703,0,1,0
9,98.48829754722978,0,2,0
16,82.44842732325289,0,2,0
9,10.37924363074746,0,1,0
11,44.66143984443897,0,0,0
9,27.716203178968215,0,0,0
9,90.1196068631303,0,0,0
11,82.95510883280132,0,0,0
10,43.81336565866498,0,2,0
10,30.93784524369513,0,1,0
9,98.49353607656373,0,0,0
16,42.653734167943966,0,1,0
15,14.072370746388627,0,0,0
14,42.19344189631304,0,1,0
13,72.24568125822157,0,1,0
9,91.2923835702231,0,2,0
16,18.663499079827545,0,1,0
15,98.30753991587508,0,1,0
15,24.12730999682865,0,1,0
17,41.564125537888344,0,1,0
16,79.41093051921105,0,1,0
13,81.37879739172995,0,1,0
16,95.26826110663558,0,0,0
10,38.120863610697754,0,0,0
13,94.579942834426,0,0,0
15,93.77292556840978,0,1,0
15,69.04686173859649,0,0,0
14,95.21729951145673,0,0,0
14,71.25724205767534,0,0,0
13,72.97384761177267,0,1,0
16,18.101154701283487,0,0,0
10,97.0632570283958,0,1,0
9,18.349707476811062,0,2,0
15,53.156422688698015,0,0,0
15,97.14501267654269,0,2,0
14,28.755596956823968,0,2,0
10,54.27688801512519,0,2,0
16,66.53315994413595,0,2,0
10,54.771275349790336,0,1,0
14,85.58778267730284,0,0,0
10,30.38719437090449,0,1,0
16,89.46347080945203,0,1,0
12,38.483762113376585,0,1,0
16,36.60898459442524,0,2,0
15,87.96710107329778,0,1,0
15,72.01385288916958,0,0,0
11,55.57572488653542,0,1,0
14,10.591315845983353,0,1,0
17,85.49490053485908,0,0,0
10,84.31209687788188,0,2,0
17,41.155324563946714,0,0,0
14,60.11464050848857,0,0,0
12,93.20338955472873,0,1,0
12,70.80680961925502,0,2,0
16,90.05594619998357,0,2,0
11,82.6300787689311,0,1,0
9,43.43261402655129,0,2,0
17,66.35910300396016,0,2,0
10,51.51684872716244,0,1,0
15,69.78646426201344,0,1,0
9,11.36198185504783,0,0,0
11,74.73276096834171,0,2,0
17,10.640965791966707,0,0,0
17,66.36711095303396,0,0,0
12,22.410194865568556,0,1,0
12,72.93729032085015,0,2,0
15,20.687968966230073,0,1,0
10,56.75815004735834,0,0,0
11,64.80784271258065,0,1,0
12,42.72653779435599,0,2,0
11,18.32128998692599,0,2,0
17,29.237996330103115,0,1,0
13,83.14740342409652,0,0,0
11,57.09864136255247,0,2,0
12,82.61720059999338,0,0,0
15,41.6949445219407,0,1,0
12,27.336489433606086,0,2,0
14,93.10314104913061,0,1,0
14,46.648412765421284,0,2,0
12,37.96455600860551,0,1,0
16,37.548188906306315,0,1,0
15,73.01455838443309,0,0,0
15,75.12906571891847,0,1,0
10,21.208394205552466,0,2,0
17,52.601599183610276,0,2,0
17,55.98503431867977,0,2,0
11,27.83843631093829,0,0,0
17,55.3203343246552,0,0,0
9,16.121109775793187,0,1,0
17,62.41300140843693,0,2,0
12,90.61476828440894,0,0,0
15,95.74463172593737,0,1,0
9,19.21935805874201,0,1,0
16,19.316828059833483,0,1,0
10,98.83800931452302,0,1,0
13,27.68284874687977,0,1,0
12,80.85683381043921,0,2,0
14,81.47731937480647,0,2,0
17,22.032057946814213,0,0,0
11,68.62559842729533,0,2,0
9,47.22583981323157,0,0,0
16,54.71694295781097,0,2,0
10,71.0498512442658,0,2,0
16,61.20503582270454,0,0,0
10,98.07629806192554,0,2,0
11,66.87868380760725,0,1,0
15,56.861688120346834,0,0,0
13,86.30376524143492,0,0,0
9,53.495430202026206,0,2,0
17,90.0736916938908,0,2,0
16,87.24043029894155,0,1,0
14,44.20343432375359,0,2,0
16,63.48823296702689,0,2,0
12,55.40622477141939,0,0,0
13,13.139511635991724,0,2,0
17,87.32712051070419,0,0,0
15,73.75862408534661,0,0,0
16,90.80127192808558,0,0,0
11,60.86947160215888,0,0,0
9,68.39494863179107,0,0,0
16,61.81420426536412,0,1,0
14,27.63517307974389,0,2,0
12,84.17298528413485,0,2,0
16,15.93308258890965,0,2,0
11,30.67430537255199,0,0,0
10,52.07217373534095,0,0,0
17,22.11301149332523,0,1,0
9,26.457482105379608,0,0,0
10,27.828585686092133,0,2,0
16,19.032015275073814,0,0,0
13,97.46229598363824,0,0,0
15,90.23533165213918,0,0,0
11,80.36321457261941,0,1,0
10,85.60734889063497,0,0,0
11,16.1060906834553,0,2,0
11,58.68792335772941,0,2,0
9,75.27524537589875,0,0,0
17,40.16645912701868,0,1,0
9,81.87160757840923,0,1,0
16,13.614462581466027,0,1,0
9,46.52531390320109,0,0,0
16,39.3277177200341,0,0,0
14,16.976607617150822,0,1,0
16,26.632284988976306,0,2,0
14,54.08441730569862,0,2,0
14,37.062845953471914,0,1,0
9,44.207820475376565,0,0,0
12,82.51873992011016,0,0,0
12,59.176288627313276,0,2,0
14,95.8343403242393,0,0,0
15,76.5809511295506,0,2,0
15,11.904836824931143,0,0,0
17,80.54493384660434,0,1,0
13,42.37818131965027,0,1,0
12,36.48416958220203,0,1,0
17,81.18754612301339,0,1,0
17,51.43660676402899,0,0,0
10,50.576803980750896,0,0,0
15,78.59497833327737,0,1,0
12,36.40923608537909,0,2,0
10,73.00242655529934,0,1,0
10,68.65334992582984,0,1,0
9,28.073699318691048,0,0,0
11,84.47192512331966,0,2,0
12,16.734375606636284,0,2,0
17,58.95395102496905,0,0,0
10,76.21311967433007,0,2,0
9,36.607797303743325,0,1,0
15,91.97947374444574,0,2,0
14,10.520255537563228,0,1,0
15,61.261817060090905,0,2,0
14,63.05737486934781,0,1,0
10,24.007607818104283,0,1,0
10,12.775837836075024,0,1,0
13,38.28455082921927,0,1,0
17,48.82021759201217,0,0,0
10,15.339755034060458,0,2,0
9,41.5024447159817,0,1,0
14,39.730365120307496,0,0,0
15,17.721016612590198,0,0,0
10,83.66989740483434,0,1,0
9,59.272643336848695,0,0,0
17,62.72396439148259,0,1,0
16,78.64581412427484,0,1,0
13,22.42089622306345,0,2,0
12,68.48938049917905,0,0,0
11,25.026156131337107,0,1,0
12,92.68126667494542,0,1,0
17,52.77976308386966,0,0,0
17,42.173363521081555,0,2,0
14,72.55134102655515,0,2,0
11,58.49383214125132,0,0,0
9,75.26823210914816,0,2,0
10,69.93544937947868,0,1,0
14,20.510784800259998,0,2,0
17,84.48143420848999,0,0,0
15,11.699244522101466,0,0,0
9,86.72961989017172,0,1,0
12,27.388930751758338,0,0,0
15,48.768243742032276,0,1,0
13,11.904781148254694,0,1,0
12,99.1454445674631,0,0,0
10,17.322729258062854,0,1,0
15,31.992441906520515,0,2,0
17,54.07868075439886,0,2,0
17,66.22314262870223,0,0,0
14,83.58988918572615,0,0,0
14,32.57509382657327,0,1,0
14,80.42113965972665,0,0,0
16,36.92319776690151,0,2,0
10,88.89916610058577,0,1,0
9,22.219900688914436,0,1,0
15,21.214974293546504,0,1,0
10,21.012116423994765,0,1,0
10,56.750652212880695,0,2,0
9,37.79868197646972,0,0,0
12,83.96989192408572,0,1,0
17,97.22636789732944,0,0,0
12,63.85358348465802,0,1,0
9,44.78718580506608,0,0,0
9,13.558602570330141,0,2,0
15,65.34040669607333,0,2,0
10,25.282607318054183,0,1,0
11,21.46147736008922,0,0,0
9,41.53845259890614,0,0,0
17,58.465413868189856,0,2,0
14,17.68150209269593,0,0,0
17,66.5055528149118,0,0,0
12,61.37677844003419,0,2,0
11,82.47392677772791,0,2,0
16,63.72365064960071,0,0,0
16,59.05966366819537,0,2,0
12,59.11952655270591,0,0,0
11,87.2201250289506,0,0,0
9,15.992797979826493,0,2,0
11,47.25335165025307,0,1,0
17,48.73157830785436,0,0,0
15,23.136612545597,0,1,0
12,97.7015168165683,0,2,0
16,36.21268795523241,0,1,0
14,11.565773324714206,0,1,0
14,44.396324525129174,0,0,0
15,51.54090899757832,0,0,0
15,37.79609420487073,0,2,0
17,74.83792027718363,0,0,0
11,79.90939954094328,0,1,0
10,94.66058633895655,0,2,0
9,12.048937730206863,0,1,0
9,33.956836296378576,0,0,0
12,39.09815578010702,0,2,0
11,30.47086364046968,0,1,0
10,20.995532457821902,0,0,0
11,29.607762755105,0,1,0
17,90.30176249796052,0,0,0
13,84.37767939541719,0,2,0
17,41.156324612668655,0,2,0
15,46.152594284358024,0,1,0
15,57.40574900135273,0,0,0
13,32.48963387054992,0,2,0
13,72.12806682109164,0,1,0
12,10.86547233307899,0,1,0
9,28.54078455584336,0,2,0
10,53.302243577436386,0,0,0
14,17.750643154314627,0,2,0
15,26.937266523868242,0,2,0
17,37.15121199444817,0,0,0
10,24.33426113295345,0,2,0
9,26.426111660019817,0,1,0
14,90.55863187644786,0,0,0
13,44.64213737089177,0,1,0
13,75.31008160929349,0,0,0
9,33.33224035209946,0,2,0
14,99.11623675187401,0,1,0
11,70.20512171751648,0,2,0
17,22.426608947660316,0,2,0
14,81.7166056672933,0,0,0
14,40.772982332719266,0,1,0
15,95.06608848865089,0,1,0
13,59.52177266181986,0,1,0
12,33.41182845404574,0,1,0
17,84.30538732341876,0,1,0
10,46.219055484562475,0,1,0
17,98.7553981117576,0,2,0
17,84.17102054752188,0,2,0
14,95.38184873007029,0,1,0
12,25.42194320710092,0,1,0
15,44.31259328488542,0,1,0
14,76.23252570739817,0,2,0
11,49.67989177791352,0,2,0
17,71.24472443639701,0,1,0
11,58.11301386295085,0,1,0
11,78.34778307360065,0,1,0
11,26.009857512746194,0,1,0
17,61.422995909709286,0,1,0
12,31.489620298913245,0,1,0
16,38.35639210331159,0,1,0
13,99.86446403528535,0,1,0
9,92.35051209776897,0,0,0
11,99.11016012294489,0,1,0
10,68.81502003864719,0,1,0
16,27.323401570454166,0,2,0
15,75.19353515006195,0,1,0
9,97.13756608500661,0,0,0
13,54.78959282882934,0,1,0
17,38.891220359623546,0,2,0
14,34.13277775511388,0,1,0
13,45.62343776591102,0,0,0
17,63.837892864579004,0,2,0
9,60.98837180861564,0,1,0
15,87.47263561554439,0,2,0
17,75.38909077755908,0,2,0
11,14.09233821643194,0,1,0
15,76.71441613717245,0,0,0
16,12.56428322601547,0,1,0
16,35.84539744807942,0,1,0
15,39.8859845592326,0,0,0
14,57.47290964144636,0,2,0
10,76.09480955788418,0,2,0
17,33.03155155922356,0,0,0
15,37.66994691983054,0,0,0
17,68.79802017757946,0,2,0
14,16.033394890772396,0,1,0
9,67.91676085390037,0,2,0
9,82.02178597484945,0,0,0
11,67.82738302231262,0,0,0
11,43.0876231516292,0,1,0
15,57.60131333102465,0,1,0
15,49.85117576992833,0,0,0
13,90.63449323035631,0,2,0
17,87.76439322372822,0,0,0
11,95.83060915682067,0,2,0
15,30.566569245717215,0,2,0
10,24.71644441424097,0,1,0
13,27.099655272018865,0,0,0
14,59.43440892645053,0,1,0
17,66.8591621611194,0,2,0
9,11.749929519791065,0,1,0
15,77.52531978198121,0,0,0
10,41.036551976647694,0,0,0
17,63.42869639414741,0,2,0
13,68.39144802824248,0,1,0
9,40.19250423516378,0,2,0
15,34.35634035392853,0,0,0
11,94.24432429147127,0,0,0
15,27.145207347608892,0,1,0
15,73.18789005417608,0,2,0
11,41.89106473970617,0,0,0
15,49.54328695058999,0,2,0
16,15.669146333015693,0,0,0
12,70.38934252754075,0,1,0
13,13.767480585738832,0,2,0
10,90.86475640989866,0,1,0
10,86.21989643264511,0,1,0
15,73.85126973215174,0,2,0
15,17.051887554681528,0,0,0
15,39.84046987482718,0,2,0
14,19.65420069280384,0,2,0
12,63.82544226134149,0,0,0
10,41.22327445282637,0,2,0
12,92.7040595095571,0,0,0
9,53.218401705354765,0,0,0
14,83.93949081618,0,1,0
14,60.50989812640913,0,1,0
11,40.68116173973432,0,2,0
17,97.53592163595475,0,1,0
11,84.91922652088736,0,0,0
12,34.36883616972797,0,1,0
10,38.64575725700189,0,2,0
17,76.86215261754609,0,2,0
12,31.771137515850178,0,2,0
14,75.84794661726825,0,2,0
15,87.86347442625731,0,1,0
12,78.11202854425959,0,2,0
17,18.661163442743906,0,1,0
10,52.96774007236572,0,0,0
14,41.12797308298571,0,1,0
14,75.09063121776117,0,0,0
16,33.94927972620175,0,0,0
11,58.739562633939045,0,0,0
10,91.44451723265313,0,0,0
10,16.73399759348684,0,0,0
9,24.77043221677871,0,1,0
10,13.339117922494182,0,0,0
13,59.77342842892731,0,2,0
13,41.156984818671155,0,2,0
10,26.31674485414243,0,0,0
12,87.70105675036191,0,1,0
17,10.164120329169425,0,0,0
12,68.9791656399523,0,2,0
9,62.03332438456364,0,0,0
17,29.4304567600939,0,2,0
9,64.69440111949284,0,1,0
9,60.263713099988216,0,1,0
17,73.40419646112173,0,1,0
17,52.220189380761546,0,2,0
10,42.36949489817582,0,0,0
9,42.67274095420865,0,1,0
15,52.06428835115496,0,2,0
15,63.6394307760286,0,0,0
16,36.06830765649565,0,2,0
15,80.82010717441781,0,0,0
13,75.68102960314823,0,2,0
16,34.05452985833541,0,1,0
17,80.39235536913058,0,2,0
11,16.90610341205117,0,0,0
12,86.6403414506008,0,2,0
9,54.77246870644487,0,0,0
17,52.84837091118769,0,0,0
17,56.420403729087504,0,0,0
17,84.32834509882055,0,2,0
11,73.88979650882257,0,0,0
12,84.6585241853832,0,2,0
12,70.13222176042535,0,0,0
12,77.81721729476337,0,2,0
15,99.48351315206956,0,2,0
16,68.85646938743466,0,2,0
9,27.747147698886618,0,0,0
15,49.20664102653116,0,0,0
12,74.39605439375669,0,1,0
12,41.05211965270993,0,2,0
12,34.06758481005815,0,2,0
13,60.86720906374207,0,1,0
13,17.606250166260896,0,1,0
12,88.41769462620171,0,0,0
9,51.71468546837347,0,0,0
12,86.16506941571907,0,2,0
17,53.277910077684304,0,0,0
17,29.077063891194143,0,0,0
14,90.01340779408028,0,1,0
14,72.38339294552225,0,1,0
9,28.87004293125951,0,1,0
16,96.4224186154527,0,0,0
10,73.84259291649795,0,0,0
17,95.13019553404516,0,0,0
